{
	"id": "012f09c1-a383-4205-bcaa-d9c2c60266a5",
	"name": "GoRestEnv",
	"values": [
		{
			"key": "baseURL",
			"value": "https://gorest.co.in",
			"type": "default",
			"enabled": true
		},
		{
			"key": "tokenID",
			"value": "Bearer e4b8e1f593dc4a731a153c5ec8cc9b8bbb583ae964ce650a741113091b4e2ac6",
			"type": "default",
			"enabled": true
		},
		{
			"key": "generatedEmail",
			"value": "",
			"type": "any",
			"enabled": true
		}
	],
	"_postman_variable_scope": "environment",
	"_postman_exported_at": "2025-03-10T15:47:51.851Z",
	"_postman_exported_using": "Postman/11.34.5"
}